TeamId,Probability_of_Error
haas,0.12755102040816327
toro_rosso,0.1
sauber,0.11904761904761904
williams,0.08673469387755102
ferrari,0.0663265306122449
red_bull,0.11224489795918367
mercedes,0.04430379746835443
mclaren,0.10714285714285714
force_india,0.11904761904761904
renault,0.14545454545454545
alfa,0.08441558441558442
racing_point,0.10294117647058823
,0.0
alphatauri,0.1206896551724138
alpine,0.12790697674418605
aston_martin,0.06976744186046512
