Constructor,Probability_of_Error
Haas F1 Team,0.1262135922330097
Toro Rosso,0.10714285714285714
Sauber,0.11904761904761904
Williams,0.09223300970873786
Ferrari,0.06796116504854369
Red Bull,0.10679611650485436
Mercedes,0.038834951456310676
McLaren,0.10194174757281553
Force India,0.11904761904761904
Renault,0.13559322033898305
Alfa Romeo,0.08536585365853659
Racing Point,0.11842105263157894
AlphaTauri,0.11475409836065574
Alpine F1 Team,0.125
Aston Martin,0.06818181818181818
